INSERT INTO Student
    (
     studCode,
     studFirstName,
     studLastName,
     studSurname,
     studBirthday,
     studGrant
    )
VALUES
    (1, 'Тимур', 'Тютючкин', 'Иванович', '2006-05-09', 1600),
    (2, 'Максим', 'Булатов', 'Игоревич', '2003-10-18', 3400),
    (3, 'Артем', 'Васильев', 'Денисович', '1999-03-03', 700),
    (4, 'Иван', 'Луковкин', 'Иванович', '2006-04-04', 5600),
    (5, 'Владислав', 'Бекренев', 'Петрович', '2005-05-05', 1900),
    (6, 'Александра', 'Маликова', 'Александровна', '2006-06-06', 1500),
    (7, 'Екатерина', 'Першина', 'Станиславовна', '2006-07-07', 1100),
    (8, 'Евгений', 'Вольский', 'Михайлович', '2005-08-08', 1200),
    (9, 'Михаил', 'Паршиков', 'Денисович', '2005-09-09', 1300),
    (10, 'Максим', 'Картаков', 'Викторович', '2004-10-10', 1400),
    (11, 'Николай', 'Задонский', 'Иванович', '2005-12-09', 1300),
    (12, 'Анна', 'Потапова', 'Владимировна', '2005-02-25', 1300),
    (13, 'Дмитрий', 'Андреев', 'Андреевич', '2006-10-11', 1300),
    (14, 'Кирилл', 'Сурыгин', 'Александрович', '2006-06-21', 1300),
    (15, 'Дмитрий', 'Аккуратов', 'Андреевич', '2006-06-20', 1300),
    (16, 'Татьяна', 'Бурцева', 'Николаевна', '2006-12-30', 1300),
    (17, 'Елизавета', 'Петрова', 'Валерьевна', '2005-01-15', 1300)
;
INSERT INTO Subject
    (
     subCode,
     subName,
     subHour,
     subSemester
    )
VALUES
    (1, 'Информатика', 108, 2),
    (2, 'Физика', 512, 2),
    (3, 'Базы данных', 108, 3),
    (4, 'Программирование на SQL', 216, 5),
    (5, 'ЭВМ и ПУ', 264, 3),
    (6, 'Высшая математика', 512, 2),
    (7, 'Математическая логика', 108, 2),
    (8, 'Иностранный язык', 512, 3),
    (9, 'Философия', 72, 2),
    (10, 'Экономика', 72, 3)
;
INSERT INTO Department (depCode, depName)
VALUES
    (1, 'Кафедра ЭВМ'),
    (2, 'Кафедра ОиЭФ'),
    (3, 'Кафедра САПР ВС'),
    (4, 'Кафедра ВМ'),
    (5, 'Кафедра ВПМ'),
    (6, 'Кафедра ИТГД'),
    (7, 'Кафедра ИБ'),
    (8, 'Кафедра иностранных языков'),
    (9, 'Кафедра ИФП'),
    (11, 'Кафедра КТ'),
    (10, 'Кафедра ЭМОП')
;
INSERT INTO Teacher
    (
     teacherCode,
     teacherFirstName,
     teacherLastName,
     teacherSurname,
     teacherDepartment,
     academicTitle,
     teacherPost
    )
VALUES
    (1, 'Борис', 'Костров', 'Васильевич', 1, 'Профессор', 'Зав. кафедрой'),
    (2, 'Ангелина', 'Вьюгина', 'Алексеевна', 1, 'Доцент', 'Старший преподаватель'),
    (3, 'Наталья', 'Гринченко', 'Николаевна', 1, 'Кандидат наук', 'Доцент'),
    (4, 'Геннадий', 'Овечкин', 'Владимирович', 5, 'Доктор наук', 'Профессор'),
    (5, 'Светлана', 'Баранова', 'Николаевна', 1, 'Без звания', 'Ассистент'),
    (6, 'Марина', 'Бакулева', 'Алексеевна', 3, 'Кандидат наук', 'Доцент'),
    (7, 'Вячеслав', 'Корячко', 'Петрович', 3, 'Доктор наук', 'Зав. кафедрой'),
    (8, 'Дмитрий', 'Перепелкин', 'Александрович', 3, 'Доктор наук', 'Профессор'),
    (9, 'Алексей', 'Бубнов', 'Алексеевич', 5, 'Кандидат наук', 'Доцент'),
    (11, 'Михаил', 'Дубков', 'Викторович', 2, 'Доктор наук', 'Зав. кафедрой'),
    (12, 'Кирилл', 'Бухенский', 'Валентинович', 4, 'Кандидат наук', 'Зав. кафедрой'),
    (13, 'Дмитрий', 'Наумов', 'Анатольевич', 6, 'Кандидат наук', 'Зав. кафедрой'),
    (14, 'Виктор', 'Пржегорлинский', 'Николаевич', 7, 'Кандидат наук', 'Зав. кафедрой'),
    (15, 'Наталья', 'Есенина', 'Евгеньевна', 8, 'Кандидат наук', 'Зав. кафедрой'),
    (16, 'Александр', 'Соколов', 'Станиславович', 9, 'Доктор наук', 'Зав. кафедрой'),
    (17, 'Елена', 'Евдокимова', 'Николаевна', 10, 'Доктор наук', 'Зав. кафедрой'),
    (18, 'Дмитрий', 'Устюков', 'Игоревич', 1, 'Кандидат наук', 'Доцент'),
    (19, 'Сергей', 'Гусев', 'Игоревич', 11, 'Доктор наук', 'Зав. кафедрой'),
    (10, 'Ирина', 'Панина', 'Сергеевна', 1, 'Без звания', 'Старший преподаватель')
;

UPDATE Department 
    SET depManager = CASE depCode
        WHEN 1 THEN 1
        WHEN 2 THEN 11
        WHEN 3 THEN 7
        WHEN 4 THEN 12
        WHEN 5 THEN 4
        WHEN 6 THEN 13
        WHEN 7 THEN 14
        WHEN 8 THEN 15
        WHEN 9 THEN 16
        WHEN 11 THEN 19
        WHEN 10 THEN 17
    END
;

INSERT INTO Class (classCode, classTeacher, classDepartment)
VALUES
    ('245', 18, 1),
    ('240', 10, 1),
    ('246', 6, 3),
    ('2415', 19, 11),
    ('345', 5, 1),
    ('270', 17, 10),
    ('3714', 3, 1),
    ('3724', 3, 1),
    ('2414', 9, 5),
    ('142', 14, 7)
;
INSERT INTO m2mStudentClass (student, class, dateStart, dateEnd)
VALUES
    (1, '345', '2023-09-01', NULL),
    (2, '142', '2021-09-01', NULL),
    (3, '142', '2021-09-01', NULL),
    (4, '245', '2022-09-01', NULL),
    (5, '245', '2022-09-01', NULL),
    (6, '245', '2022-09-01', NULL),
    (7, '3714', '2023-09-01', NULL),
    (8, '3714', '2023-09-01', NULL),
    (9, '3714', '2023-09-01', NULL),
    (11, '345', '2023-09-01', NULL),
    (12, '345', '2023-09-01', NULL),
    (13, '2415', '2022-09-01', NULL),
    (14, '240', '2022-09-01', NULL),
    (15, '246', '2022-09-01', NULL),
    (16, '246', '2022-09-01', NULL),
    (17, '245', '2022-09-01', '2023-07-01'),
    (17, '246', '2023-07-02', NULL),
    (10, '345', '2023-09-01', NULL)
;

INSERT INTO Session (student, subject, teacher, examDate, mark)
VALUES
    (4, 3, 3, '2023-12-20', 5),
    (5, 3, 3, '2023-12-20', 4),
    (6, 3, 3, '2023-12-20', 5),
    (13, 3, 3, '2023-12-20', 5),
    (15, 3, 3, '2023-12-20', 4),
    (16, 3, 3, '2023-12-20', 4),
    (17, 3, 3, '2023-12-20', 3),
    (4, 8, 15, '2023-12-22', 5),
    (5, 8, 15, '2023-12-22', 5),
    (6, 8, 15, '2023-12-22', 5),
    (13, 8, 15, '2023-12-22', 5),
    (15, 8, 15, '2023-12-22', 5),
    (16, 8, 15, '2023-12-22', 5),
    (17, 8, 15, '2023-12-22', 5),
    (4, 5, 18, '2024-01-15', 5),
    (5, 5, 18, '2024-01-15', 3),
    (6, 5, 18, '2024-01-15', 4),
    (13, 5, 18, '2024-01-15', 5),
    (15, 5, 18, '2024-01-15', 3),
    (16, 5, 18, '2024-01-15', 4),
    (17, 5, 18, '2024-01-15', 2),
    (17, 5, 18, '2024-02-07', 4),
    (1, 8, 15, '2023-12-18', 3),
    (11, 8, 15, '2023-12-18', 4),
    (10, 8, 15, '2023-12-18', 4),
    (1, 1, 18, '2023-12-18', 3),
    (11, 1, 18, '2023-12-18', 4),
    (10, 1, 18, '2023-12-18', 4),
    (1, 2, 11, '2024-01-18', 2),
    (11, 2, 11, '2024-01-18', 2),
    (10, 2, 11, '2024-01-18', 2),
    (1, 2, 11, '2024-02-18', 3),
    (11, 2, 11, '2024-02-10', 3),
    (10, 2, 11, '2024-03-03', 4),
    (1, 2, 11, '2024-06-10', 4),
    (11, 2, 11, '2024-06-10', 4),
    (10, 2, 11, '2024-06-10', 4),
    (1, 5, 18, '2024-06-16', 3),
    (11, 5, 18, '2024-06-16', 3),
    (10, 5, 18, '2024-06-16', 4),
    (7, 1, 2, '2024-06-10', 5),
    (8, 1, 2, '2024-06-10', 4),
    (9, 1, 2, '2024-06-10', 4),
    (7, 9, 16, '2024-06-22', 5),
    (8, 9, 16, '2024-06-22', 5),
    (9, 9, 16, '2024-06-22', 5)
;